warehouse_id,capacity,error_rate
1,1008,2.915791812
2,4712,1.913591565
3,1311,0.719434895
4,3871,0.96708697
5,4275,0.151000136
6,1828,0.054616262
7,4884,0.313620229
8,1499,0.044444265
9,3956,0.116764611
10,2933,0.991709823
