category,total_orders,revenue_loss,avg_quantity,revenue_loss_millions
Toys,26703,46106769.52,3.014417855671647,46.10676952
Furniture,26173,43263688.42,2.9986245367363313,43.26368842
Electronics,25052,42348811.26,3.006147213795306,42.34881126
Food,24926,40559787.98,2.9967904998796437,40.559787979999996
Clothing,22630,36784833.36,3.0045956694653113,36.78483336
