Department,Revenue_Loss,Percent_of_Total_Loss
Logistics,211186025.37,32.75350923181266
Vendor,209933055.25,32.559182129341245
Inventory,209063890.54,32.42438062292966
IT / Systems,13211658.67255,2.049037968022648
Customer Support,1379106.854206,0.21389004789380836
